{"cameraMode":{"drawMode":0,"name":"Shaded","section":"Shading Mode"},"sceneLighting":true,"audioPlay":false,"sceneViewState":{"m_AlwaysRefresh":false,"showFog":true,"showSkybox":true,"showFlares":true,"showImageEffects":true,"showParticleSystems":true,"showVisualEffectGraphs":true,"m_FxEnabled":true},"in2DMode":false,"pivot":{"x":-4.48709774017334,"y":-2.7176926136016847,"z":15.740713119506836},"rotation":{"x":-0.12236963957548142,"y":0.13365522027015687,"z":-0.016634395346045495,"w":-0.9833101630210877},"size":11.527952194213868,"orthographic":false}